<?xml version="1.0" encoding="UTF-8" standalone="yes"?>
<addon id="plugin.video.lostfilm.tv" name="LostFilm.TV" version="0.1.6" provider-name="winnipeg8">
	<requires>
		<import addon="xbmc.python" version="2.14.0" />
		<import addon="script.module.requests" version="2.12.4" />
		<import addon="script.module.torrent2http" version="0.1.0" />
	</requires>
	<extension point="xbmc.python.pluginsource" library="addon.py">
		<provides>video</provides>
	</extension>
	<extension point="xbmc.service" library="service.py" start="login" />
	<extension point="xbmc.addon.metadata">
		<platform>all</platform>
		<language>ru en</language>
		<website>http://www.lostfilm.tv/</website>
		<source>https://github.com/winnipeg8/plugin.video.lostfilm.tv</source>
		<summary lang="en">Explore LostFilm.TV</summary>
		<summary lang="ru">Ваш проводник по порталу LostFilm.TV</summary>
		<description lang="en">Watch new episodes of your favorite TV shows on LostFilm.TV!</description>
		<description lang="ru">Просматривайте новые серии любимых сериалов с портала LostFilm.TV!</description>
	</extension>
</addon>
