<?xml version="1.0" encoding="UTF-8" standalone="yes"?>
<addon id="plugin.video.lostfilm.tv"
       name="Lostfilm.tv"
       version="2.0.1"
       provider-name="winnipeg8">
  <requires>
    <import addon="xbmc.python" version="2.1.0"/>
    <import addon="script.module.torrent2http"/>
  </requires>
  <extension point="xbmc.python.pluginsource"
            library="addon.py">
        <provides>video</provides>
  </extension>
  <extension point="xbmc.addon.metadata">
    <summary>LostFilm</summary>
    <description>LostFilm.tv - лучшие сериалы</description>
    <platform>all</platform>
  </extension>
</addon>
