<?xml version="1.0" encoding="UTF-8" standalone="yes"?>
<addon id="repository.winnipeg8" name="LostFilm.TV Add-on Repository" version="0.0.1" provider-name="winnipeg8">
    <extension point="xbmc.addon.repository" name="LostFilm.TV Add-on Repository">
        <info compressed="false">https://raw.githubusercontent.com/winnipeg8/xbmc.repository/master/addons.xml</info>
        <checksum>https://raw.githubusercontent.com/winnipeg8/xbmc.repository/master/addons.xml.md5</checksum>
        <datadir zip="true">https://raw.githubusercontent.com/winnipeg8/xbmc.repository/master</datadir>
    </extension>
</addon>
